<?xml version="1.0" encoding="utf-8" standalone="yes"?>
<rss version="2.0" xmlns:atom="http://www.w3.org/2005/Atom">
  <channel>
    <title>Tags on Cognizance 2020</title>
    <link>https://cognizance2020.github.io/tags/</link>
    <description>Recent content in Tags on Cognizance 2020</description>
    <generator>Hugo -- gohugo.io</generator>
    <language>en-us</language>
    <copyright>&amp;copy; 2020. All rights reserved.</copyright>
    
	<atom:link href="https://cognizance2020.github.io/tags/index.xml" rel="self" type="application/rss+xml" />
    
    
  </channel>
</rss>