<?xml version="1.0" encoding="utf-8" standalone="yes"?>
<rss version="2.0" xmlns:atom="http://www.w3.org/2005/Atom">
  <channel>
    <title>Cognizance 2020</title>
    <link>https://cognizance2020.github.io/</link>
    <description>Recent content on Cognizance 2020</description>
    <generator>Hugo -- gohugo.io</generator>
    <language>en-us</language>
    <copyright>&amp;copy; 2020. All rights reserved.</copyright>
    <lastBuildDate>Wed, 09 Apr 2014 00:00:00 +0000</lastBuildDate>
    
	<atom:link href="https://cognizance2020.github.io/index.xml" rel="self" type="application/rss+xml" />
    
    
    <item>
      <title>Overview</title>
      <link>https://cognizance2020.github.io/post/creating-a-new-theme/</link>
      <pubDate>Tue, 24 Nov 2020 00:00:00 +0000</pubDate>
      
      <guid>https://cognizance2020.github.io/post/creating-a-new-theme/</guid>
      <description></description>
    </item>
    
    <item>
      <title>Migrate to Hugo from Jekyll</title>
      <link>https://cognizance2020.github.io/post/migrate-from-jekyll/</link>
      <pubDate>Mon, 10 Mar 2014 00:00:00 +0000</pubDate>
      
      <guid>https://cognizance2020.github.io/post/migrate-from-jekyll/</guid>
      <description>Move static content to static Jekyll has a rule that any directory not starting with _ will be copied as-is to the _site output. Hugo keeps all static content under static. You should therefore move it all there. With Jekyll, something that looked like
▾ &amp;lt;root&amp;gt;/ ▾ images/ logo.png  should become
▾ &amp;lt;root&amp;gt;/ ▾ static/ ▾ images/ logo.png  Additionally, you&amp;rsquo;ll want any files that should reside at the root (such as CNAME) to be moved to static.</description>
    </item>
    
    <item>
      <title>About</title>
      <link>https://cognizance2020.github.io/about/</link>
      <pubDate>Wed, 09 Apr 2014 00:00:00 +0000</pubDate>
      
      <guid>https://cognizance2020.github.io/about/</guid>
      <description>Hugo is a static site engine written in Go.
It makes use of a variety of open source projects including:
 Cobra Viper J Walter Weatherman Cast  Learn more and contribute on GitHub.
Setup Some fun facts about Hugo:
 Built in Go Loosely inspired by Jekyll Primarily developed by spf13 on the train while commuting to and from Manhattan. Coded in Vim using spf13-vim  Have questions or suggestions?</description>
    </item>
    
    <item>
      <title>Contact</title>
      <link>https://cognizance2020.github.io/contact/</link>
      <pubDate>Wed, 09 Apr 2014 00:00:00 +0000</pubDate>
      
      <guid>https://cognizance2020.github.io/contact/</guid>
      <description> &amp;lt;div class=&amp;quot;pure-u-1 pure-u-md-1-3&amp;quot;&amp;gt; &amp;lt;label for=&amp;quot;last-name&amp;quot;&amp;gt;Last Name&amp;lt;/label&amp;gt; &amp;lt;input id=&amp;quot;last-name&amp;quot; class=&amp;quot;pure-u-23-24&amp;quot; type=&amp;quot;text&amp;quot;&amp;gt; &amp;lt;/div&amp;gt; &amp;lt;div class=&amp;quot;pure-u-1 pure-u-md-1-3&amp;quot;&amp;gt; &amp;lt;label for=&amp;quot;email&amp;quot;&amp;gt;E-Mail&amp;lt;/label&amp;gt; &amp;lt;input id=&amp;quot;email&amp;quot; class=&amp;quot;pure-u-23-24&amp;quot; type=&amp;quot;email&amp;quot; required&amp;gt; &amp;lt;/div&amp;gt; &amp;lt;div class=&amp;quot;pure-u-1 pure-u-md-1-3&amp;quot;&amp;gt; &amp;lt;label for=&amp;quot;city&amp;quot;&amp;gt;City&amp;lt;/label&amp;gt; &amp;lt;input id=&amp;quot;city&amp;quot; class=&amp;quot;pure-u-23-24&amp;quot; type=&amp;quot;text&amp;quot;&amp;gt; &amp;lt;/div&amp;gt; &amp;lt;div class=&amp;quot;pure-u-1 pure-u-md-1-3&amp;quot;&amp;gt; &amp;lt;label for=&amp;quot;state&amp;quot;&amp;gt;State&amp;lt;/label&amp;gt; &amp;lt;select id=&amp;quot;state&amp;quot; class=&amp;quot;pure-input-1-2&amp;quot;&amp;gt; &amp;lt;option&amp;gt;AL&amp;lt;/option&amp;gt; &amp;lt;option&amp;gt;CA&amp;lt;/option&amp;gt; &amp;lt;option&amp;gt;IL&amp;lt;/option&amp;gt; &amp;lt;/select&amp;gt; &amp;lt;/div&amp;gt; &amp;lt;/div&amp;gt; &amp;lt;fieldset class=&amp;quot;pure-group&amp;quot;&amp;gt; &amp;lt;input type=&amp;quot;text&amp;quot; class=&amp;quot;pure-input-1-2&amp;quot; placeholder=&amp;quot;A title&amp;quot;&amp;gt; &amp;lt;textarea class=&amp;quot;pure-input-1-2&amp;quot; placeholder=&amp;quot;Your message&amp;quot;&amp;gt;&amp;lt;/textarea&amp;gt; &amp;lt;/fieldset&amp;gt; &amp;lt;button type=&amp;quot;submit&amp;quot; class=&amp;quot;pure-button pure-button-primary&amp;quot;&amp;gt;Send&amp;lt;/button&amp;gt;  </description>
    </item>
    
    <item>
      <title>(Hu)go Template Primer</title>
      <link>https://cognizance2020.github.io/post/goisforlovers/</link>
      <pubDate>Wed, 02 Apr 2014 00:00:00 +0000</pubDate>
      
      <guid>https://cognizance2020.github.io/post/goisforlovers/</guid>
      <description>Hugo uses the excellent go html/template library for its template engine. It is an extremely lightweight engine that provides a very small amount of logic. In our experience that it is just the right amount of logic to be able to create a good static website. If you have used other template systems from different languages or frameworks you will find a lot of similarities in go templates.
This document is a brief primer on using go templates.</description>
    </item>
    
    <item>
      <title>Getting Started with Hugo</title>
      <link>https://cognizance2020.github.io/post/hugoisforlovers/</link>
      <pubDate>Wed, 02 Apr 2014 00:00:00 +0000</pubDate>
      
      <guid>https://cognizance2020.github.io/post/hugoisforlovers/</guid>
      <description>Step 1. Install Hugo Goto hugo releases and download the appropriate version for your os and architecture.
Save it somewhere specific as we will be using it in the next step.
More complete instructions are available at installing hugo
Step 2. Build the Docs Hugo has its own example site which happens to also be the documentation site you are reading right now.
Follow the following steps:
 Clone the hugo repository Go into the repo Run hugo in server mode and build the docs Open your browser to http://localhost:1313  Corresponding pseudo commands:</description>
    </item>
    
  </channel>
</rss>