<?xml version="1.0" encoding="utf-8" standalone="yes"?>
<rss version="2.0" xmlns:atom="http://www.w3.org/2005/Atom">
  <channel>
    <title>Posts on Cognizance 2020</title>
    <link>https://cognizance2020.github.io/post/</link>
    <description>Recent content in Posts on Cognizance 2020</description>
    <generator>Hugo -- gohugo.io</generator>
    <language>en-us</language>
    <copyright>&amp;copy; 2020. All rights reserved.</copyright>
    <lastBuildDate>Tue, 24 Nov 2020 00:00:00 +0000</lastBuildDate>
    
	<atom:link href="https://cognizance2020.github.io/post/index.xml" rel="self" type="application/rss+xml" />
    
    
    <item>
      <title>Migrate to Hugo from Jekyll</title>
      <link>https://cognizance2020.github.io/post/migrate-from-jekyll/</link>
      <pubDate>Mon, 10 Mar 2014 00:00:00 +0000</pubDate>
      
      <guid>https://cognizance2020.github.io/post/migrate-from-jekyll/</guid>
      <description>Move static content to static Jekyll has a rule that any directory not starting with _ will be copied as-is to the _site output. Hugo keeps all static content under static. You should therefore move it all there. With Jekyll, something that looked like
▾ &amp;lt;root&amp;gt;/ ▾ images/ logo.png  should become
▾ &amp;lt;root&amp;gt;/ ▾ static/ ▾ images/ logo.png  Additionally, you&amp;rsquo;ll want any files that should reside at the root (such as CNAME) to be moved to static.</description>
    </item>
    
    <item>
      <title>Overview</title>
      <link>https://cognizance2020.github.io/post/creating-a-new-theme/</link>
      <pubDate>Mon, 01 Jan 0001 00:00:00 +0000</pubDate>
      
      <guid>https://cognizance2020.github.io/post/creating-a-new-theme/</guid>
      <description>Peer support occurs when people provide knowledge, experience, emotional, social or practical help to each other. It commonly refers to an initiative consisting of trained supporters (although it can be provided by peers without training), and can take a number of forms such as peer mentoring, reflective listening (reflecting content and/or feelings), or counseling. Peer support is also used to refer to initiatives where colleagues, members of self-help organizations and others meet, in person or online, as equals to give each other connection and support on a reciprocal basis.</description>
    </item>
    
    <item>
      <title>(Hu)go Template Primer</title>
      <link>https://cognizance2020.github.io/post/goisforlovers/</link>
      <pubDate>Tue, 24 Nov 2020 00:00:00 +0000</pubDate>
      
      <guid>https://cognizance2020.github.io/post/goisforlovers/</guid>
      <description>Hugo uses the excellent go html/template library for its template engine. It is an extremely lightweight engine that provides a very small amount of logic. In our experience that it is just the right amount of logic to be able to create a good static website. If you have used other template systems from different languages or frameworks you will find a lot of similarities in go templates.
This document is a brief primer on using go templates.</description>
    </item>
    
    <item>
      <title>Creation Repository &amp; Operations on GitHub using Git</title>
      <link>https://cognizance2020.github.io/post/hugoisforlovers/</link>
      <pubDate>Tue, 24 Nov 2020 00:00:00 +0000</pubDate>
      
      <guid>https://cognizance2020.github.io/post/hugoisforlovers/</guid>
      <description></description>
    </item>
    
    <item>
      <title>Git operations</title>
      <link>https://cognizance2020.github.io/post/git_operation/</link>
      <pubDate>Tue, 24 Nov 2020 00:00:00 +0000</pubDate>
      
      <guid>https://cognizance2020.github.io/post/git_operation/</guid>
      <description>Basic Operations  the following is a summary of basic git operations:
 git add  Puts current working files into the stage.
  git checkout  Replaces the current working files with files from a branch.
  git checkout -b  Creates a new local branch from the current branch&amp;rsquo;s tip.
  git clone  Clone an existing repository into a new directory.
  git commit  Commits staged changes to a local branch.</description>
    </item>
    
  </channel>
</rss>