<?xml version="1.0" encoding="utf-8" standalone="yes"?>
<rss version="2.0" xmlns:atom="http://www.w3.org/2005/Atom">
  <channel>
    <title>Cognizance 2020</title>
    <link>https://cognizance2020.github.io/</link>
    <description>Recent content on Cognizance 2020</description>
    <generator>Hugo -- gohugo.io</generator>
    <language>en-us</language>
    <copyright>&amp;copy; 2020. All rights reserved.</copyright>
    <lastBuildDate>Tue, 24 Nov 2020 00:00:00 +0000</lastBuildDate>
    
	<atom:link href="https://cognizance2020.github.io/index.xml" rel="self" type="application/rss+xml" />
    
    
    <item>
      <title>Overview</title>
      <link>https://cognizance2020.github.io/post/overview/</link>
      <pubDate>Mon, 01 Jan 0001 00:00:00 +0000</pubDate>
      
      <guid>https://cognizance2020.github.io/post/overview/</guid>
      <description>Peer learning is a potentially powerful way of sharing knowledge about doing public sector reform. This learning involves individuals exchanging knowledge and experience with each other, and diffusing this learning back to their organisations to ensure an impact—at scale—on reform initiatives. While peer learning entails complex organisational logistics, it avoids the risk of focusing on process rather than product. It recognises that ultimately learning takes place between individuals and it facilitates interpersonal interchanges that are wellmatched and that are based on trust and commitment.</description>
    </item>
    
    <item>
      <title>Git operations</title>
      <link>https://cognizance2020.github.io/post/git_operation/</link>
      <pubDate>Tue, 24 Nov 2020 00:00:00 +0000</pubDate>
      
      <guid>https://cognizance2020.github.io/post/git_operation/</guid>
      <description>Basic Operations  The following is a summary of basic git operations:
 git add Puts current working files into the stage.  git checkout Replaces the current working files with files from a branch.  git checkout -b Creates a new local branch from the current branch&#39;s tip.  git clone Clone an existing repository into a new directory.  git commit Commits staged changes to a local branch.</description>
    </item>
    
    <item>
      <title>HTML and CSS courses</title>
      <link>https://cognizance2020.github.io/post/html_and_css/</link>
      <pubDate>Tue, 24 Nov 2020 00:00:00 +0000</pubDate>
      
      <guid>https://cognizance2020.github.io/post/html_and_css/</guid>
      <description>HTML and CSS course in Codecademy For the final and last task, You have to complete the Courses in Codecademy HTML and CSS
These courses will be able to improve your imagination and creative mind. The HTML course is HTML (Hypertext Markup Language) is the code that is used to structure a web page and its content. For example, content could be structured within a set of paragraphs, a list of bulleted points, or using images and data tables.</description>
    </item>
    
    <item>
      <title>Markdown Language</title>
      <link>https://cognizance2020.github.io/post/markdown/</link>
      <pubDate>Tue, 24 Nov 2020 00:00:00 +0000</pubDate>
      
      <guid>https://cognizance2020.github.io/post/markdown/</guid>
      <description>What is Markdown Language?  Markdown is a lightweight markup language that you can use to add formatting elements to plaintext text documents. Created by John Gruber in 2004, Markdown is now one of the world’s most popular markup languages.
 How do I use Markdown language?  1.Create a Markdown file using a text editor or a dedicated Markdown application.
  2.Open the Markdown file in a Markdown application.</description>
    </item>
    
    <item>
      <title>Pseudo Code</title>
      <link>https://cognizance2020.github.io/post/pseudo_code/</link>
      <pubDate>Tue, 24 Nov 2020 00:00:00 +0000</pubDate>
      
      <guid>https://cognizance2020.github.io/post/pseudo_code/</guid>
      <description>Pseudo Code Pseudocode is an informal way of programming description that does not require any strict programming language syntax. It is used for creating an outline or a rough draft of a program. The pseudo code will be helpful for creating large modules of Programs.
An algorithm is a procedure for solving a problem in terms of the actions to be executed and the order in which those actions are to be executed.</description>
    </item>
    
    <item>
      <title>Self Learning Project</title>
      <link>https://cognizance2020.github.io/post/self_learning/</link>
      <pubDate>Tue, 24 Nov 2020 00:00:00 +0000</pubDate>
      
      <guid>https://cognizance2020.github.io/post/self_learning/</guid>
      <description>This is a optional project. Participants must create a webpage of your own choice with a effective topic
The following criteria&amp;rsquo;s must be used:  1. External and Internal Links. 2. Table. 3. Adding images and embedded videos. 4. Forms. 5. Styling for the paragraphs and headers using CSS. 6. Lists. 7. Background for the webpage. 8. Animations using CSS. 9. Suitable text-to-background contrast 10. Easy-to-read font size. 11. Easily identifiable navigation with clear and brief labels.</description>
    </item>
    
    <item>
      <title>Timeline</title>
      <link>https://cognizance2020.github.io/timeline/</link>
      <pubDate>Tue, 24 Nov 2020 00:00:00 +0000</pubDate>
      
      <guid>https://cognizance2020.github.io/timeline/</guid>
      <description>Commencement of tasks Begins on &amp;gt; 30-11-2020
You can start doing your tasks from now   Git Setup Deadline &amp;gt; 02-12-2020
&amp;gt; Complete Git development environment   Version Control System Deadline &amp;gt; 04-12-2020
&amp;gt; Local setup of Version Control System   Operations on Git Deadline &amp;gt; 08-12-2020
&amp;gt; Getting familiar with Git operations like pull, push, commit, merge, rebase, fork etc.,   Markdown language Deadline &amp;gt; 10-12-2020</description>
    </item>
    
  </channel>
</rss>