<?xml version="1.0" encoding="utf-8" standalone="yes"?>
<rss version="2.0" xmlns:atom="http://www.w3.org/2005/Atom">
  <channel>
    <title>Cognizance 2020</title>
    <link>https://cognizance2020.github.io/</link>
    <description>Recent content on Cognizance 2020</description>
    <generator>Hugo -- gohugo.io</generator>
    <language>en-us</language>
    <copyright>&amp;copy; 2020. All rights reserved.</copyright>
    <lastBuildDate>Tue, 24 Nov 2020 00:00:00 +0000</lastBuildDate>
    
	<atom:link href="https://cognizance2020.github.io/index.xml" rel="self" type="application/rss+xml" />
    
    
    <item>
      <title>Overview</title>
      <link>https://cognizance2020.github.io/post/overview/</link>
      <pubDate>Mon, 01 Jan 0001 00:00:00 +0000</pubDate>
      
      <guid>https://cognizance2020.github.io/post/overview/</guid>
      <description>Peer learning is a potentially powerful way of sharing knowledge about doing public sector reform. This learning involves individuals exchanging knowledge and experience with each other, and diffusing this learning back to their organisations to ensure an impact—at scale—on reform initiatives. While peer learning entails complex organisational logistics, it avoids the risk of focusing on process rather than product. It recognises that ultimately learning takes place between individuals and it facilitates interpersonal interchanges that are wellmatched and that are based on trust and commitment.</description>
    </item>
    
    <item>
      <title>Sample Task</title>
      <link>https://cognizance2020.github.io/post/sample_task/</link>
      <pubDate>Tue, 24 Nov 2020 00:00:00 +0000</pubDate>
      
      <guid>https://cognizance2020.github.io/post/sample_task/</guid>
      <description>Lorem ipsum dolor sit amet, consectetur adipiscing elit. Integer nec odio. Praesent libero. Sed cursus ante dapibus diam. Sed nisi. Nulla quis sem at nibh elementum imperdiet. Duis sagittis ipsum. Praesent mauris. Fusce nec tellus sed augue semper porta. Mauris massa. Vestibulum lacinia arcu eget nulla. Class aptent taciti sociosqu ad litora torquent per conubia nostra, per inceptos himenaeos.
Curabitur sodales ligula in libero. Sed dignissim lacinia nunc. Curabitur tortor. Pellentesque nibh.</description>
    </item>
    
    <item>
      <title>Timeline</title>
      <link>https://cognizance2020.github.io/timeline/</link>
      <pubDate>Tue, 24 Nov 2020 00:00:00 +0000</pubDate>
      
      <guid>https://cognizance2020.github.io/timeline/</guid>
      <description>Commencement of tasks Begins on &amp;gt; 30-11-2020
You can start doing your tasks from now   Git Setup Deadline &amp;gt; 02-12-2020
&amp;gt; Complete Git development environment   Version Control System Deadline &amp;gt; 04-12-2020
&amp;gt; Local setup of Version Control System   Operations on Git Deadline &amp;gt; 08-12-2020
&amp;gt; Getting familiar with Git operations like pull, push, commit, merge, rebase, fork etc.,   Markdown language Deadline &amp;gt; 10-12-2020</description>
    </item>
    
  </channel>
</rss>