<?xml version="1.0" encoding="utf-8" standalone="yes"?>
<rss version="2.0" xmlns:atom="http://www.w3.org/2005/Atom">
  <channel>
    <title>development on Cognizance 2020</title>
    <link>https://cognizance2020.github.io/tags/development/</link>
    <description>Recent content in development on Cognizance 2020</description>
    <generator>Hugo -- gohugo.io</generator>
    <language>en-us</language>
    <copyright>&amp;copy; 2020. All rights reserved.</copyright>
    <lastBuildDate>Tue, 24 Nov 2020 00:00:00 +0000</lastBuildDate>
    
	<atom:link href="https://cognizance2020.github.io/tags/development/index.xml" rel="self" type="application/rss+xml" />
    
    
    <item>
      <title>(Hu)go Template Primer</title>
      <link>https://cognizance2020.github.io/post/goisforlovers/</link>
      <pubDate>Tue, 24 Nov 2020 00:00:00 +0000</pubDate>
      
      <guid>https://cognizance2020.github.io/post/goisforlovers/</guid>
      <description>Hugo uses the excellent go html/template library for its template engine. It is an extremely lightweight engine that provides a very small amount of logic. In our experience that it is just the right amount of logic to be able to create a good static website. If you have used other template systems from different languages or frameworks you will find a lot of similarities in go templates.
This document is a brief primer on using go templates.</description>
    </item>
    
    <item>
      <title>Creation Repository &amp; Operations on GitHub using Git</title>
      <link>https://cognizance2020.github.io/post/hugoisforlovers/</link>
      <pubDate>Tue, 24 Nov 2020 00:00:00 +0000</pubDate>
      
      <guid>https://cognizance2020.github.io/post/hugoisforlovers/</guid>
      <description></description>
    </item>
    
  </channel>
</rss>