<?xml version="1.0" encoding="utf-8" standalone="yes"?>
<rss version="2.0" xmlns:atom="http://www.w3.org/2005/Atom">
  <channel>
    <title>hugo on Cognizance 2020</title>
    <link>https://cognizance2020.github.io/tags/hugo/</link>
    <description>Recent content in hugo on Cognizance 2020</description>
    <generator>Hugo -- gohugo.io</generator>
    <language>en-us</language>
    <copyright>&amp;copy; 2020. All rights reserved.</copyright>
    <lastBuildDate>Tue, 24 Nov 2020 00:00:00 +0000</lastBuildDate>
    
	<atom:link href="https://cognizance2020.github.io/tags/hugo/index.xml" rel="self" type="application/rss+xml" />
    
    
    <item>
      <title>Creation Repository &amp; Operations on GitHub using Git</title>
      <link>https://cognizance2020.github.io/post/hugoisforlovers/</link>
      <pubDate>Tue, 24 Nov 2020 00:00:00 +0000</pubDate>
      
      <guid>https://cognizance2020.github.io/post/hugoisforlovers/</guid>
      <description></description>
    </item>
    
  </channel>
</rss>