<?xml version="1.0" encoding="utf-8" standalone="yes"?>
<rss version="2.0" xmlns:atom="http://www.w3.org/2005/Atom">
  <channel>
    <title>Cognizance 2020</title>
    <link>https://cognizance2020.github.io/</link>
    <description>Recent content on Cognizance 2020</description>
    <generator>Hugo -- gohugo.io</generator>
    <language>en-us</language>
    <copyright>&amp;copy; 2020. All rights reserved.</copyright>
    <lastBuildDate>Tue, 24 Nov 2020 00:00:00 +0000</lastBuildDate>
    
	<atom:link href="https://cognizance2020.github.io/index.xml" rel="self" type="application/rss+xml" />
    
    
    <item>
      <title>Overview</title>
      <link>https://cognizance2020.github.io/post/overview/</link>
      <pubDate>Mon, 01 Jan 0001 00:00:00 +0000</pubDate>
      
      <guid>https://cognizance2020.github.io/post/overview/</guid>
      <description>Peer learning is a potentially powerful way of sharing knowledge about doing public sector reform. This learning involves individuals exchanging knowledge and experience with each other, and diffusing this learning back to their organisations to ensure an impact—at scale—on reform initiatives. While peer learning entails complex organisational logistics, it avoids the risk of focusing on process rather than product. It recognises that ultimately learning takes place between individuals and it facilitates interpersonal interchanges that are wellmatched and that are based on trust and commitment.</description>
    </item>
    
    <item>
      <title>Git Setup</title>
      <link>https://cognizance2020.github.io/post/git_setup/</link>
      <pubDate>Tue, 24 Nov 2020 00:00:00 +0000</pubDate>
      
      <guid>https://cognizance2020.github.io/post/git_setup/</guid>
      <description>Git simplifies the process of working with other people and makes it easy to collaborate on projects. Team members can work on files and easily merge their changes in with the master branch of the project. GitHub is an open-source repository hosting service, sort of like a cloud for code. It hosts your source code projects in a variety of different programming languages and keeps track of the various changes made to every iteration.</description>
    </item>
    
    <item>
      <title>Leaderboard</title>
      <link>https://cognizance2020.github.io/leaderboard/</link>
      <pubDate>Tue, 24 Nov 2020 00:00:00 +0000</pubDate>
      
      <guid>https://cognizance2020.github.io/leaderboard/</guid>
      <description></description>
    </item>
    
    <item>
      <title>Timeline</title>
      <link>https://cognizance2020.github.io/timeline/</link>
      <pubDate>Tue, 24 Nov 2020 00:00:00 +0000</pubDate>
      
      <guid>https://cognizance2020.github.io/timeline/</guid>
      <description>Commencement of tasks Begins on &amp;gt; 30-11-2020
You can start doing your tasks from now   Git Setup Deadline &amp;gt; 01-12-2020
&amp;gt; Complete Git development environment   Version Control System Deadline &amp;gt; 03-12-2020
&amp;gt; Local setup of Version Control System   </description>
    </item>
    
    <item>
      <title>Version Control System</title>
      <link>https://cognizance2020.github.io/post/version_control_system/</link>
      <pubDate>Tue, 24 Nov 2020 00:00:00 +0000</pubDate>
      
      <guid>https://cognizance2020.github.io/post/version_control_system/</guid>
      <description>VCS-(Version Control System) Version control is a system that records changes to a file or set of files over time so that you can recall specific versions later.
Many people’s version-control method of choice is to copy files into another directory (perhaps a time-stamped directory, if they’re clever). This approach is very common because it is so simple, but it is also incredibly error prone. It is easy to forget which directory you’re in and accidentally write to the wrong file or copy over files you don’t mean to.</description>
    </item>
    
  </channel>
</rss>