<?xml version="1.0" encoding="utf-8" standalone="yes"?>
<rss version="2.0" xmlns:atom="http://www.w3.org/2005/Atom">
  <channel>
    <title>Tags on Cognizance 2020</title>
    <link>https://cognizance2020.github.io/tags/</link>
    <description>Recent content in Tags on Cognizance 2020</description>
    <generator>Hugo -- gohugo.io</generator>
    <language>en-us</language>
    <copyright>&amp;copy; 2020. All rights reserved.</copyright>
    <lastBuildDate>Tue, 24 Nov 2020 00:00:00 +0000</lastBuildDate>
    
	<atom:link href="https://cognizance2020.github.io/tags/index.xml" rel="self" type="application/rss+xml" />
    
    
    <item>
      <title>development</title>
      <link>https://cognizance2020.github.io/tags/development/</link>
      <pubDate>Tue, 24 Nov 2020 00:00:00 +0000</pubDate>
      
      <guid>https://cognizance2020.github.io/tags/development/</guid>
      <description></description>
    </item>
    
    <item>
      <title>go</title>
      <link>https://cognizance2020.github.io/tags/go/</link>
      <pubDate>Tue, 24 Nov 2020 00:00:00 +0000</pubDate>
      
      <guid>https://cognizance2020.github.io/tags/go/</guid>
      <description></description>
    </item>
    
    <item>
      <title>golang</title>
      <link>https://cognizance2020.github.io/tags/golang/</link>
      <pubDate>Tue, 24 Nov 2020 00:00:00 +0000</pubDate>
      
      <guid>https://cognizance2020.github.io/tags/golang/</guid>
      <description></description>
    </item>
    
    <item>
      <title>hugo</title>
      <link>https://cognizance2020.github.io/tags/hugo/</link>
      <pubDate>Tue, 24 Nov 2020 00:00:00 +0000</pubDate>
      
      <guid>https://cognizance2020.github.io/tags/hugo/</guid>
      <description></description>
    </item>
    
    <item>
      <title>templates</title>
      <link>https://cognizance2020.github.io/tags/templates/</link>
      <pubDate>Tue, 24 Nov 2020 00:00:00 +0000</pubDate>
      
      <guid>https://cognizance2020.github.io/tags/templates/</guid>
      <description></description>
    </item>
    
    <item>
      <title>themes</title>
      <link>https://cognizance2020.github.io/tags/themes/</link>
      <pubDate>Tue, 24 Nov 2020 00:00:00 +0000</pubDate>
      
      <guid>https://cognizance2020.github.io/tags/themes/</guid>
      <description></description>
    </item>
    
  </channel>
</rss>